StepId,PromptCategory,Description,Status
322,Deployment Optimization,Fixed 250MB Vercel size limit by removing Librosa/TensorFlow,Completed
350,NumPy MLP Implementation,Created pure NumPy MLP executor to replace Scikit-Learn (saved 150MB),Completed
375,Bundle Optimization,Aggressive .vercelignore and static asset cleanup,Completed
418,Dependency Removal,Removed librosa and implemented fallback logic,Completed
440,Runtime Repair,Fixed UnboundLocalError and incorrect librosa imports in app.py,Completed
459,Static Asset Recovery,Restored UI styling by white-listing CSS and JS folders,Completed
478,Audio Restoration attempt,Attempted Librosa restore (found 250MB limit too strict),Completed
528,NumPy Audio Engine,Implemented custom MFCC/Chroma/Mel feature extraction in pure NumPy,Completed
586,Asset Routing Fix,Updated vercel.json to exclude /static from rewrites (fixed broken icons),Completed
628,Accuracy Overhaul,Refined NumPy math (reflect padding/ortho-DCT) to match Librosa exactly,Completed
668,UI Bug Fix,Resolved 'P' instead of 'Pleasant Surprise' truncation error,Completed
717,CI/CD Fix,Fixed KUBE_CONFIG context access warning in Kubernetes workflow,Completed
726,Documentation,Generated project logs and architectural documentation,Completed
